{
  "tfp_base_r2": 0.0309476236171643,
  "tfp_base_n": 2598,
  "dig_coef_tfp": -35.91317803595061,
  "dig_se_tfp": 4.312617283288957,
  "tfp_r2": 0.05616978799312322,
  "tfp_n": 2598,
  "env_base_r2": 0.22417134493735003,
  "dig_coef_env": -3.002129637896238,
  "dig_se_env": 0.06405292078925791,
  "env_r2": 0.5798456580274247,
  "env_n": 2598,
  "med_total": -3.002129637896238,
  "med_total_se": 0.06405292078925791,
  "med_green_coef": -20.35742643286307,
  "med_green_se": 4.603485094810648,
  "med_direct": -2.9788954445255005,
  "med_direct_se": 0.06408950677444372,
  "med_green_on_env": 0.001141312898629962,
  "med_green_on_env_se": 0.0002722709100193364,
  "med_indirect": -0.023234193370737153,
  "mod_reg_dig": -3.0252479942200847,
  "mod_reg_se": 0.06419923072653924,
  "mod_reg_int": 0.04438746679540924,
  "mod_reg_int_se": 0.011965896543815144,
  "mod_soe_dig": -2.9988495504749637,
  "mod_soe_se": 0.06396687380355573,
  "mod_soe_int": 0.0028280818899382608,
  "mod_soe_int_se": 0.000955148216331993,
  "mod_size_dig": -2.9078564310356256,
  "mod_size_se": 0.061851331323716216,
  "mod_size_int": 0.38860439818576453,
  "mod_size_int_se": 0.026266616058891197,
  "alt_env_coef": -35.91317803595061,
  "alt_env_se": 4.312617283288957,
  "alt_env_n": 2598,
  "alt_dig_coef": -3.1772122737165427,
  "alt_dig_se": 0.06495686724672625,
  "alt_dig_n": 1725,
  "first_stage_coef": 0.03238784732342127,
  "first_stage_se": 0.022798149697656627,
  "first_stage_f": 2.0182035449588813,
  "iv_coef": -6.90558521842579,
  "iv_se": 2.922001135559103,
  "iv_n": 1725,
  "n_obs": 2598,
  "n_firms": 873
}